,0
0,Greenies Regular Dental Dog Treats
1,Greenies Teenie Dental Dog Treats
2,Greenies Large Dental Dog Treats
3,Greenies Petite Dental Dog Treats
4,"Authority Dental & DHA Stick Puppy Treats Parsley Mint - Gluten Free, Grain Free"
5,"Authority Dental & DHA Stick Puppy Treats Parsley Mint - Gluten Free, Grain Free"
6,"WHIMZEES Brushzees Dental Dog Treat - Natural, Grain Free, 1 Count"
7,Pedigree Dentastix Triple Action Dental Dog Treats - Variety Pack
8,Pedigree Dentastix Large Dog Treats
9,Pedigree Dentastix Large Dog Sticks
10,"Authority Dental & DHA Rings Puppy Treats Parsley Mint - Gluten Free, Grain Free"
11,"Authority Dental & DHA Rings Puppy Treats Parsley Mint - Gluten Free, Grain Free"
12,"WHIMZEES Veggie Sausage Dog Dental Treat - Natural, 1 Count"
13,Pedigree Dentastix Small/Medium Dog Sticks
14,Pedigree Dentastix Triple Action Small Dog Treats - Fresh
15,Greenies Teenie Dog Dental Treats - Blueberry
16,"WHIMZEES Variety Value Box Dental Dog Treat - Natural, Grain Free"
17,Virbac C.E.T.
18,Virbac C.E.T.
19,Yummy Combs Ingenious Flossing Dog Dental Treat - 1 Count
20,Yummy Combs Ingenious Flossing Dog Dental Treat - 1 Count
21,Pedigree Dentastix Mini Dog Sticks
22,Pedigree Dentastix Large Dog Sticks
23,"Authority Dental & Multivitamin Large Dog Treats Parsley Mint - Gluten Free, Grain Free"
24,Ark Naturals Brushless Toothpaste 4-in-1 Large Dog Dental Chews - 40+ lbs.
25,Ark Naturals Brushless Toothpaste 4-in-1 Large Dog Dental Chews - 40+ lbs.
26,Ark Naturals Brushless Toothpaste 4-in-1 Small Dog Dental Chews - 8-20 lbs.
27,Ark Naturals Brushless Toothpaste 4-in-1 Small Dog Dental Chews - 8-20 lbs.
28,"Authority Dental & Multivitamin Small Dog Treats Parsley Mint - Gluten Free, Grain Free"
29,"Authority Dental & Multivitamin Medium Dog Treats Parsley Mint - Gluten Free, Grain Free"
30,"Authority Dental & Multivitamin Medium Dog Treats Parsley Mint - Gluten Free, Grain Free"
31,Milk-Bone Brushing Chew Mini Dental Dog Treats
32,"Authority Dental & Multivitamin Parsley Mint Dog Treat Bites - Gluten Free, Grain Free"
33,Milk-Bone Brushing Chews Large Dental Dog Treats
34,Greenies Teenie Dental Dog Treats - Fresh
35,"WHIMZEES Hedgehog Dental Dog Treat - Natural, 1 Count"
36,Greenies Regular Dog Dental Treats - Blueberry
37,"WHIMZEES Alligator Dental Dog Treat - Natural, 1 Count"
38,Pedigree Dentastix Dual Flavor Mini Dental Dog Treats
39,Greenies Petite Dental Dog Treats - Blueberry
40,"WHIMZEES Stix Dental Dog Treat - Natural, 1 Count"
41,"WHIMZEES Brushzees Medium Dental Dog Treat - Natural, Grain Free"
42,"Authority Dental & DHA Rings X-Small Puppy Treats Parsley Mint- Gluten Free, Grain Free"
43,"Authority Dental & DHA Rings X-Small Puppy Treats Parsley Mint- Gluten Free, Grain Free"
